"","X.39","X.38","X.37","X.36","X.35","X.34","X.33","X.32","X.31","X.30","X.29","X.28","X.27","X.26","X.25","X.24","X.23","X.22","X.21","X.20","X.19","X.18","X.17","X.16","X.15","X.14","X.13","X.12","X.11","X.10","X.9","X.8","X.7","X.6","X.5","X.4","X.3","X.2","X.1","X","id","site","age","gender","height","weight","numbness","other_cran_nerve_symp","paresis","optic_neu","other_symp","relapses","cell_count","glucose","lactose","protein","albumin_qu","igg","igm","iga","follow_up","binomial_5","binomial_1","poisson","chisq"
"1",1,1,1,1,1,1,1,1,1,1,1,1,1,1,1,1,1,1,1,1,1,1,1,1,1,1,1,1,1,1,1,1,1,1,1,1,1,1,1,1,141,2,37,"0",162,100.5,"0",0,0,0,0,1,44,63.5421652016986,1.12826886976747,383,7.03228349585037,0.841417636215184,0.141783390007961,0.282422568655714,2,4,0,8,343.194850190655
"2",2,2,2,2,2,2,2,2,2,2,2,2,2,2,2,2,2,2,2,2,2,2,2,2,2,2,2,2,2,2,2,2,2,2,2,2,2,2,2,2,142,2,39,"1",188,120.3,"0",0,0,0,0,1,10,59.4313590490433,1.73004697830729,360,5.23458619312092,0.404356140831219,0.13798660725931,0.385375184376036,2,4,0,5,344.285874670069
"3",3,3,3,3,3,3,3,3,3,3,3,3,3,3,3,3,3,3,3,3,3,3,3,3,3,3,3,3,3,3,3,3,3,3,3,3,3,3,3,3,143,2,47,"0",152,52.9,"1",0,0,1,0,1,1,36.9822646410992,0.786072312436086,398,5.6295184657229,1.20137364681939,0.114939561961049,0.286421240134165,2,4,1,14,351.071360156561
"4",4,4,4,4,4,4,4,4,4,4,4,4,4,4,4,4,4,4,4,4,4,4,4,4,4,4,4,4,4,4,4,4,4,4,4,4,4,4,4,4,144,2,57,"0",173,95.6,"0",0,0,0,0,1,1,64.7540955033879,1.32882150206597,566,6.28518474339616,0.776117881613039,0.100141264301319,0.393647906860623,2,4,1,7,319.353054171316
"5",5,5,5,5,5,5,5,5,5,5,5,5,5,5,5,5,5,5,5,5,5,5,5,5,5,5,5,5,5,5,5,5,5,5,5,5,5,5,5,5,145,2,54,"1",176,67,"1",0,0,1,0,2,9,71.4636323895405,1.15413750860705,467,5.50579925317015,0.88495528772588,0.143821142825184,0.182565264692768,2,5,1,14,316.292579249494
"6",6,6,6,6,6,6,6,6,6,6,6,6,6,6,6,6,6,6,6,6,6,6,6,6,6,6,6,6,6,6,6,6,6,6,6,6,6,6,6,6,146,2,54,"1",177,64.5,"0",0,0,0,0,1,72,71.1059734694057,1.01911986596181,177,6.71433126853972,0.991203340843507,0.12301944654853,0.259525340425026,2,4,0,8,339.857942691909
"7",7,7,7,7,7,7,7,7,7,7,7,7,7,7,7,7,7,7,7,7,7,7,7,7,7,7,7,7,7,7,7,7,7,7,7,7,7,7,7,7,147,2,49,"0",169,110.7,"0",0,0,1,1,2,8,45.777402421617,1.77794442441814,384,5.57444942395223,0.862007918516228,0.115518101769459,0.240703311103447,2,3,1,9,309.835258989381
"8",8,8,8,8,8,8,8,8,8,8,8,8,8,8,8,8,8,8,8,8,8,8,8,8,8,8,8,8,8,8,8,8,8,8,8,8,8,8,8,8,148,2,21,"0",167,78.6,"1",0,0,0,0,2,7,62.2099696431896,1.91687044756438,1510,7.79040925813927,0.8126029987278,0.124646719218998,0.237438240485489,2,2,1,9,308.206079354926
"9",9,9,9,9,9,9,9,9,9,9,9,9,9,9,9,9,9,9,9,9,9,9,9,9,9,9,9,9,9,9,9,9,9,9,9,9,9,9,9,9,149,2,27,"0",173,56.6,"0",0,0,0,0,2,12,65.0456843974428,1.6268137477918,391,5.82180909837062,1.57995288625346,0.159796856165164,0.382278982135385,2,3,1,10,276.329722802139
"10",10,10,10,10,10,10,10,10,10,10,10,10,10,10,10,10,10,10,10,10,10,10,10,10,10,10,10,10,10,10,10,10,10,10,10,10,10,10,10,10,150,2,45,"0",173,88.2,"0",1,0,0,0,1,3,72.2888535942649,2.57463100001491,221,4.85655115732734,0.555744941054592,0.0836861102906084,0.345389354764501,2,3,1,12,297.116442504178
"11",11,11,11,11,11,11,11,11,11,11,11,11,11,11,11,11,11,11,11,11,11,11,11,11,11,11,11,11,11,11,11,11,11,11,11,11,11,11,11,11,151,2,61,"0",168,104.6,"0",0,0,0,0,1,6,63.7595399379812,2.04973232425645,1051,7.53834174013915,0.720696943540381,0.138269883359914,0.369421849548649,2,4,1,11,300.397942849685
"12",12,12,12,12,12,12,12,12,12,12,12,12,12,12,12,12,12,12,12,12,12,12,12,12,12,12,12,12,12,12,12,12,12,12,12,12,12,12,12,12,152,2,32,"0",180,108.2,"0",0,0,0,0,1,6,78.026297189932,1.18483216711144,239,7.57431564980851,0.692420133355959,0.149943112618392,0.36464438747476,2,1,0,12,344.081100331893
"13",13,13,13,13,13,13,13,13,13,13,13,13,13,13,13,13,13,13,13,13,13,13,13,13,13,13,13,13,13,13,13,13,13,13,13,13,13,13,13,13,153,2,41,"0",179,89.1,"1",0,0,0,0,2,9,67.2715995147736,1.14943250809229,408,7.87087229998413,0.771804590142254,0.112290524284869,0.297824316383574,2,5,0,9,363.00352447773
"14",14,14,14,14,14,14,14,14,14,14,14,14,14,14,14,14,14,14,14,14,14,14,14,14,14,14,14,14,14,14,14,14,14,14,14,14,14,14,14,14,154,2,56,"1",181,79.7,"1",0,0,0,1,1,1,72.7038177805304,1.5903107319234,396,6.76082373843041,1.07988755374381,0.131425190511553,0.327756529661162,2,4,0,15,286.304858053148
"15",15,15,15,15,15,15,15,15,15,15,15,15,15,15,15,15,15,15,15,15,15,15,15,15,15,15,15,15,15,15,15,15,15,15,15,15,15,15,15,15,155,2,53,"0",169,91.9,"0",0,0,0,0,1,2,69.0542256832815,1.68845509908724,387,4.92216777664701,1.05467507995983,0.146962678209296,0.261340768940997,2,4,1,8,337.885509142483
"16",16,16,16,16,16,16,16,16,16,16,16,16,16,16,16,16,16,16,16,16,16,16,16,16,16,16,16,16,16,16,16,16,16,16,16,16,16,16,16,16,156,2,59,"0",170,87.8,"0",0,0,0,0,1,8,58.2552158651322,1.31497260868162,478,6.26362597369762,0.886106112789512,0.105327566125463,0.308656738528727,2,2,1,7,314.386364689418
"17",17,17,17,17,17,17,17,17,17,17,17,17,17,17,17,17,17,17,17,17,17,17,17,17,17,17,17,17,17,17,17,17,17,17,17,17,17,17,17,17,157,2,56,"1",183,89.5,"1",0,0,0,0,1,4,64.4533230428202,1.80112379455142,343,5.70852665045287,1.08992035351502,0.113084601029016,0.37282764044831,2,3,0,7,273.154563838955
"18",18,18,18,18,18,18,18,18,18,18,18,18,18,18,18,18,18,18,18,18,18,18,18,18,18,18,18,18,18,18,18,18,18,18,18,18,18,18,18,18,158,2,53,"0",169,62.4,"1",0,0,0,0,4,3,44.4523594094858,2.05650204938104,461,7.22862363090027,0.544261277746229,0.162879255362297,0.306039830304019,2,3,1,8,323.080591806964
"19",19,19,19,19,19,19,19,19,19,19,19,19,19,19,19,19,19,19,19,19,19,19,19,19,19,19,19,19,19,19,19,19,19,19,19,19,19,19,19,19,159,2,54,"1",173,100.6,"0",0,1,1,0,1,6,61.1928420228532,1.28755561547039,469,8.17033078581898,0.727412818030534,0.161878151778858,0.410611356555816,2,4,1,9,263.592004803985
"20",20,20,20,20,20,20,20,20,20,20,20,20,20,20,20,20,20,20,20,20,20,20,20,20,20,20,20,20,20,20,20,20,20,20,20,20,20,20,20,20,160,2,35,"1",169,112.1,"1",0,0,1,0,1,6,64.5140885052413,1.79739996268408,525,4.65033397310398,0.755011596501862,0.111599994597132,0.340994964803285,2,5,0,3,318.289025033908
"21",21,21,21,21,21,21,21,21,21,21,21,21,21,21,21,21,21,21,21,21,21,21,21,21,21,21,21,21,21,21,21,21,21,21,21,21,21,21,21,21,161,2,34,"1",190,101.3,"1",0,0,1,0,1,5,55.8758075636597,1.41085642505204,268,6.71063901888683,0.922717025131774,0.132218844816179,0.384938627675756,2,4,0,9,321.372742255231
"22",22,22,22,22,22,22,22,22,22,22,22,22,22,22,22,22,22,22,22,22,22,22,22,22,22,22,22,22,22,22,22,22,22,22,22,22,22,22,22,22,162,2,49,"0",167,104.6,"0",0,0,0,0,1,9,42.2048686811221,1.25409956906277,365,8.27477229064531,1.16439906206577,0.142508686731478,0.383645561720045,2,4,0,6,325.045830451819
"23",23,23,23,23,23,23,23,23,23,23,23,23,23,23,23,23,23,23,23,23,23,23,23,23,23,23,23,23,23,23,23,23,23,23,23,23,23,23,23,23,163,2,36,"0",167,74.5,"1",1,1,1,0,4,6,52.4801165555896,2.49534778130285,1474,6.94147398710074,0.431885676458237,0.121088043221218,0.385766582648901,2,4,1,11,318.386325588445
"24",24,24,24,24,24,24,24,24,24,24,24,24,24,24,24,24,24,24,24,24,24,24,24,24,24,24,24,24,24,24,24,24,24,24,24,24,24,24,24,24,164,2,50,"0",159,85.7,"0",0,1,1,0,1,47,65.2812305274661,1.04663368975141,291,6.26685978708332,0.892009661734038,0.136402769716888,0.37637284158318,2,4,0,10,340.561469066875
"25",25,25,25,25,25,25,25,25,25,25,25,25,25,25,25,25,25,25,25,25,25,25,25,25,25,25,25,25,25,25,25,25,25,25,25,25,25,25,25,25,165,2,43,"0",175,73.8,"0",0,0,0,0,1,4,57.8588343391072,1.12686682409402,227,5.48772245983363,1.28442149058127,0.148862489022028,0.422542645575687,2,4,0,6,278.741292727168
"26",26,26,26,26,26,26,26,26,26,26,26,26,26,26,26,26,26,26,26,26,26,26,26,26,26,26,26,26,26,26,26,26,26,26,26,26,26,26,26,26,166,2,37,"0",177,61.1,"1",0,0,1,0,1,1,64.2619107406769,1.3393314828475,1538,5.35621509544466,0.780236761048904,0.127112529954481,0.285194830552954,2,5,1,8,328.45661446475
"27",27,27,27,27,27,27,27,27,27,27,27,27,27,27,27,27,27,27,27,27,27,27,27,27,27,27,27,27,27,27,27,27,27,27,27,27,27,27,27,27,167,2,50,"0",167,98.2,"1",0,0,0,1,1,9,53.9335625475481,0.98837443367984,561,5.81264860493952,0.516476466340211,0.171975417730281,0.224987982912846,2,3,0,12,295.73255465571
"28",28,28,28,28,28,28,28,28,28,28,28,28,28,28,28,28,28,28,28,28,28,28,28,28,28,28,28,28,28,28,28,28,28,28,28,28,28,28,28,28,168,2,24,"1",177,82.5,"1",0,0,0,0,1,7,67.9483160120582,1.85849750231192,241,3.53833772716504,1.01230167244095,0.135674050010437,0.431320539834576,2,4,1,3,299.418047842691
"29",29,29,29,29,29,29,29,29,29,29,29,29,29,29,29,29,29,29,29,29,29,29,29,29,29,29,29,29,29,29,29,29,29,29,29,29,29,29,29,29,169,2,57,"0",181,89.7,"1",0,0,0,0,1,3,60.5975341573356,1.66225523866926,769,6.7016951864057,0.94873793842336,0.139548981642187,0.274295434771458,2,3,1,14,305.426770991248
"30",30,30,30,30,30,30,30,30,30,30,30,30,30,30,30,30,30,30,30,30,30,30,30,30,30,30,30,30,30,30,30,30,30,30,30,30,30,30,30,30,170,2,44,"0",171,83.4,"1",0,0,0,0,1,9,73.7954982141324,2.2020059193797,399,7.57208820600874,1.0059227999634,0.125192042078866,0.376214495928299,2,5,1,13,356.311077994036
"31",31,31,31,31,31,31,31,31,31,31,31,31,31,31,31,31,31,31,31,31,31,31,31,31,31,31,31,31,31,31,31,31,31,31,31,31,31,31,31,31,171,2,45,"0",170,54.2,"1",0,1,1,1,1,1,65.9775855829288,1.04542166259384,522,5.74981811919783,1.11123614980382,0.141824488643374,0.24925127800351,2,4,1,13,315.766554637095
"32",32,32,32,32,32,32,32,32,32,32,32,32,32,32,32,32,32,32,32,32,32,32,32,32,32,32,32,32,32,32,32,32,32,32,32,32,32,32,32,32,172,2,31,"1",187,107.4,"1",0,0,0,0,2,1,49.7587054886022,2.07327379534575,1454,3.70881266508849,1.11753046108855,0.146655166533742,0.320991257483818,2,2,0,8,303.759905983609
"33",33,33,33,33,33,33,33,33,33,33,33,33,33,33,33,33,33,33,33,33,33,33,33,33,33,33,33,33,33,33,33,33,33,33,33,33,33,33,33,33,173,2,21,"0",177,67.5,"1",0,0,1,0,2,4,63.5162649593236,2.27168792040341,170,4.83459972487028,0.655543556833936,0.143037425265466,0.230462074204273,2,5,1,11,332.024457890243
"34",34,34,34,34,34,34,34,34,34,34,34,34,34,34,34,34,34,34,34,34,34,34,34,34,34,34,34,34,34,34,34,34,34,34,34,34,34,34,34,34,174,2,35,"0",177,95.6,"1",1,0,1,0,1,5,59.5904406179802,2.04056901021695,241,6.16333013158749,1.03034216773007,0.137664329333962,0.338921517757307,2,4,0,6,356.747751133054
"35",35,35,35,35,35,35,35,35,35,35,35,35,35,35,35,35,35,35,35,35,35,35,35,35,35,35,35,35,35,35,35,35,35,35,35,35,35,35,35,35,175,2,44,"0",169,79.9,"0",0,0,0,1,1,1,89.0575427603974,2.02474568721776,280,6.57112143188413,1.30382273148385,0.122214062491079,0.304722085402023,2,3,1,5,324.723463427573
"36",36,36,36,36,36,36,36,36,36,36,36,36,36,36,36,36,36,36,36,36,36,36,36,36,36,36,36,36,36,36,36,36,36,36,36,36,36,36,36,36,176,2,18,"0",169,57.2,"0",0,0,1,0,1,1,62.1265273721566,1.8437908255886,497,7.13221010930969,0.908225511481003,0.149594651643149,0.339980058090883,2,5,1,10,304.017875799028
"37",37,37,37,37,37,37,37,37,37,37,37,37,37,37,37,37,37,37,37,37,37,37,37,37,37,37,37,37,37,37,37,37,37,37,37,37,37,37,37,37,177,2,61,"1",172,88.3,"1",0,0,0,0,1,3,52.0612130333171,1.36184103418653,181,6.59073238636977,0.587739975214032,0.11226019797011,0.362608880460407,2,3,1,4,299.452303253418
"38",38,38,38,38,38,38,38,38,38,38,38,38,38,38,38,38,38,38,38,38,38,38,38,38,38,38,38,38,38,38,38,38,38,38,38,38,38,38,38,38,178,2,43,"0",181,68,"0",0,0,0,0,1,12,65.1312532755366,0.968095113586816,883,6.07686347450635,0.778747288627412,0.14563631464142,0.296715677488991,2,5,0,9,358.366725340608
"39",39,39,39,39,39,39,39,39,39,39,39,39,39,39,39,39,39,39,39,39,39,39,39,39,39,39,39,39,39,39,39,39,39,39,39,39,39,39,39,39,179,2,24,"0",168,138.9,"0",0,0,0,0,1,11,50.2801789453685,1.17131403726121,504,5.69614339976759,0.689929086949565,0.108137078533404,0.32856743890715,2,3,0,9,345.726851560253
"40",40,40,40,40,40,40,40,40,40,40,40,40,40,40,40,40,40,40,40,40,40,40,40,40,40,40,40,40,40,40,40,40,40,40,40,40,40,40,40,40,180,2,42,"1",175,116.4,"0",1,0,0,0,4,11,65.2743717187659,1.25912731245309,572,3.537644345277,0.884230558044878,0.150100386381931,0.296649799708639,2,5,0,13,309.601177287041
"41",41,41,41,41,41,41,41,41,41,41,41,41,41,41,41,41,41,41,41,41,41,41,41,41,41,41,41,41,41,41,41,41,41,41,41,41,41,41,41,41,181,2,36,"0",170,75.6,"0",0,0,0,0,2,11,69.0704830773077,1.5259633356317,901,3.12881677928932,0.681082956640552,0.17121762900825,0.35031155619304,2,5,1,9,290.960505086419
"42",42,42,42,42,42,42,42,42,42,42,42,42,42,42,42,42,42,42,42,42,42,42,42,42,42,42,42,42,42,42,42,42,42,42,42,42,42,42,42,42,182,2,30,"0",174,68.4,"0",0,0,0,0,2,8,63.8195840915353,2.47693572464487,479,3.90584346393468,1.05554437280108,0.139643650697148,0.25072238525722,2,3,1,10,323.69098071252
"43",43,43,43,43,43,43,43,43,43,43,43,43,43,43,43,43,43,43,43,43,43,43,43,43,43,43,43,43,43,43,43,43,43,43,43,43,43,43,43,43,183,2,45,"0",170,97.4,"1",0,0,1,0,1,10,71.6136156246559,2.62216592775264,303,5.00840601932824,0.905292240393165,0.134591914410222,0.238700788581901,2,3,0,11,308.55239244418
"44",44,44,44,44,44,44,44,44,44,44,44,44,44,44,44,44,44,44,44,44,44,44,44,44,44,44,44,44,44,44,44,44,44,44,44,44,44,44,44,44,184,2,21,"0",175,86.2,"1",0,0,1,0,1,11,76.4522405780017,1.5304598155561,305,7.26614864906605,0.863694027325617,0.12952372672611,0.382594174882386,2,4,1,11,347.418316500861
"45",45,45,45,45,45,45,45,45,45,45,45,45,45,45,45,45,45,45,45,45,45,45,45,45,45,45,45,45,45,45,45,45,45,45,45,45,45,45,45,45,185,2,31,"1",173,80.1,"0",0,0,1,0,1,10,68.8390543100996,1.81268415849721,512,4.5197504826104,1.15386372892673,0.133717099393833,0.433484009195459,2,5,0,12,314.865693201442
"46",46,46,46,46,46,46,46,46,46,46,46,46,46,46,46,46,46,46,46,46,46,46,46,46,46,46,46,46,46,46,46,46,46,46,46,46,46,46,46,46,186,2,37,"0",168,64.1,"1",0,0,0,0,3,8,70.327298768392,1.93826232652751,528,6.6525403100462,0.881442842869122,0.103304609476209,0.235723961633802,2,5,1,11,325.119231381592
"47",47,47,47,47,47,47,47,47,47,47,47,47,47,47,47,47,47,47,47,47,47,47,47,47,47,47,47,47,47,47,47,47,47,47,47,47,47,47,47,47,187,2,43,"0",165,96.7,"0",0,0,1,0,1,5,73.3406975487965,1.79696146674421,260,5.78896549610657,0.937411456688433,0.161128929448694,0.282173476766649,2,5,1,4,373.489563050936
"48",48,48,48,48,48,48,48,48,48,48,48,48,48,48,48,48,48,48,48,48,48,48,48,48,48,48,48,48,48,48,48,48,48,48,48,48,48,48,48,48,188,2,37,"0",162,93.4,"0",0,0,0,0,1,12,57.6124285741523,2.31165832608092,470,7.18133975579511,0.867696533465165,0.139634614949176,0.251806311558149,2,3,1,12,358.470626924855
"49",49,49,49,49,49,49,49,49,49,49,49,49,49,49,49,49,49,49,49,49,49,49,49,49,49,49,49,49,49,49,49,49,49,49,49,49,49,49,49,49,189,2,41,"1",190,76.3,"0",0,1,1,0,1,7,71.7065959546701,1.94832078951004,403,6.45367108257111,0.893739646947552,0.116459415095245,0.16788298209319,2,3,0,7,331.441661726873
"50",50,50,50,50,50,50,50,50,50,50,50,50,50,50,50,50,50,50,50,50,50,50,50,50,50,50,50,50,50,50,50,50,50,50,50,50,50,50,50,50,190,2,38,"0",169,157.5,"0",0,0,1,1,1,9,61.4988237766384,1.6225804066173,540,4.89931536128925,1.02578562815566,0.128386197018069,0.355292616090461,2,4,0,12,306.794522455097
"51",51,51,51,51,51,51,51,51,51,51,51,51,51,51,51,51,51,51,51,51,51,51,51,51,51,51,51,51,51,51,51,51,51,51,51,51,51,51,51,51,191,2,54,"0",170,65.5,"0",0,0,1,0,2,5,52.5138699975448,1.57542249097695,1238,6.32720626720937,1.44678747443334,0.10621958687019,0.318794067466142,2,5,1,3,309.477548259714
"52",52,52,52,52,52,52,52,52,52,52,52,52,52,52,52,52,52,52,52,52,52,52,52,52,52,52,52,52,52,52,52,52,52,52,52,52,52,52,52,52,192,2,37,"0",153,50.9,"0",0,0,0,1,1,10,56.8154347802631,1.35363113984088,337,6.95351981831591,1.3970989791503,0.144973179007259,0.255657091096773,2,5,1,11,317.499257254203
"53",53,53,53,53,53,53,53,53,53,53,53,53,53,53,53,53,53,53,53,53,53,53,53,53,53,53,53,53,53,53,53,53,53,53,53,53,53,53,53,53,193,2,41,"0",174,94.5,"1",0,0,0,0,1,12,61.4495800402159,1.86974495467656,622,4.26420578925372,0.886097457191472,0.126994860517187,0.340816460834786,2,5,0,12,349.561739496306
"54",54,54,54,54,54,54,54,54,54,54,54,54,54,54,54,54,54,54,54,54,54,54,54,54,54,54,54,54,54,54,54,54,54,54,54,54,54,54,54,54,194,2,32,"1",177,70.9,"1",0,0,0,0,1,5,61.1007349689207,1.4112255151852,1373,8.27671299204869,0.984240809194526,0.150105120821448,0.268944212977858,2,4,1,15,304.199241276957
"55",55,55,55,55,55,55,55,55,55,55,55,55,55,55,55,55,55,55,55,55,55,55,55,55,55,55,55,55,55,55,55,55,55,55,55,55,55,55,55,55,195,2,29,"0",172,120.7,"0",0,1,0,0,1,6,78.5006853589637,1.98373793833751,333,5.10637346895014,0.868467727135401,0.181092349810734,0.425415332045179,2,3,0,9,298.322017885181
"56",56,56,56,56,56,56,56,56,56,56,56,56,56,56,56,56,56,56,56,56,56,56,56,56,56,56,56,56,56,56,56,56,56,56,56,56,56,56,56,56,196,2,57,"1",196,86.1,"0",0,0,1,0,1,2,72.0538893270232,1.66045183047075,566,6.77971405351093,0.748143241661223,0.123078646487589,0.322106209690714,2,3,1,9,321.028953087243
"57",57,57,57,57,57,57,57,57,57,57,57,57,57,57,57,57,57,57,57,57,57,57,57,57,57,57,57,57,57,57,57,57,57,57,57,57,57,57,57,57,197,2,28,"0",170,129,"0",0,0,1,0,1,5,61.2107888271939,1.56726468227833,686,3.97237225904638,1.17627551393014,0.157859297397518,0.331612182527349,2,2,0,9,327.50574698761
"58",58,58,58,58,58,58,58,58,58,58,58,58,58,58,58,58,58,58,58,58,58,58,58,58,58,58,58,58,58,58,58,58,58,58,58,58,58,58,58,58,198,2,32,"0",171,114.8,"1",0,0,0,0,4,3,91.210309435411,2.21661727704497,308,5.45759383515922,0.324910396034089,0.102999331352383,0.201871674901814,2,5,0,12,330.859893132179
"59",59,59,59,59,59,59,59,59,59,59,59,59,59,59,59,59,59,59,59,59,59,59,59,59,59,59,59,59,59,59,59,59,59,59,59,59,59,59,59,59,199,2,54,"0",173,75,"1",0,0,0,1,1,1,70.6207134099976,2.72692112113643,493,5.08721976472994,0.731960235569964,0.131782225512783,0.301144148395513,2,3,1,13,354.743255409702
"60",60,60,60,60,60,60,60,60,60,60,60,60,60,60,60,60,60,60,60,60,60,60,60,60,60,60,60,60,60,60,60,60,60,60,60,60,60,60,60,60,200,2,39,"0",166,110.1,"0",1,0,1,0,1,2,47.1560416068305,1.80148328938136,265,7.92658308691992,1.08007671242124,0.116048567266724,0.309851527933169,2,0,1,7,260.822635521729
