"","X.30","X.29","X.28","X.27","X.26","X.25","X.24","X.23","X.22","X.21","X.20","X.19","X.18","X.17","X.16","X.15","X.14","X.13","X.12","X.11","X.10","X.9","X.8","X.7","X.6","X.5","X.4","X.3","X.2","X.1","X","id","site","age","gender","height","weight","numbness","other_cran_nerve_symp","paresis","optic_neu","other_symp","relapses","cell_count","glucose","lactose","protein","albumin_qu","igg","igm","iga","follow_up","binomial_5","binomial_1","poisson","chisq"
"1",1,1,1,1,1,1,1,1,1,1,1,1,1,1,1,1,1,1,1,1,1,1,1,1,1,1,1,1,1,1,1,261,4,51,"0",153,62.9,"1",0,0,1,0,3,10,74.1143169610732,1.42396993641677,623,4.52055379030305,0.383352709324783,0.128248166885167,0.343719988358021,2,3,1,10,326.177392039262
"2",2,2,2,2,2,2,2,2,2,2,2,2,2,2,2,2,2,2,2,2,2,2,2,2,2,2,2,2,2,2,2,262,4,38,"0",174,56.6,"1",0,0,1,0,1,4,61.8163422711258,1.72101273543281,507,5.91850558385023,1.04670620152058,0.119634262263903,0.345973400327435,2,4,1,10,294.272544435808
"3",3,3,3,3,3,3,3,3,3,3,3,3,3,3,3,3,3,3,3,3,3,3,3,3,3,3,3,3,3,3,3,263,4,18,"0",168,72.8,"0",0,0,0,0,1,8,69.9390356462161,2.31372032573764,429,5.68457049552623,1.04145947914528,0.136148693688326,0.240023067722842,2,3,0,9,341.460686894286
"4",4,4,4,4,4,4,4,4,4,4,4,4,4,4,4,4,4,4,4,4,4,4,4,4,4,4,4,4,4,4,4,264,4,46,"0",175,71.5,"1",0,0,1,0,1,10,67.9529617942907,0.673583643808937,1360,4.55584317675258,0.436539706232268,0.147473006394766,0.217989766645175,2,3,1,14,319.538738818815
"5",5,5,5,5,5,5,5,5,5,5,5,5,5,5,5,5,5,5,5,5,5,5,5,5,5,5,5,5,5,5,5,265,4,32,"0",171,99.4,"1",0,0,0,1,1,6,66.0870084849305,1.40406783938673,571,8.42814046474909,1.10422262804107,0.126086605592763,0.380746865782299,2,5,1,9,323.393022503937
"6",6,6,6,6,6,6,6,6,6,6,6,6,6,6,6,6,6,6,6,6,6,6,6,6,6,6,6,6,6,6,6,266,4,60,"0",169,55.7,"1",0,0,0,0,2,5,73.1940968156734,1.42236785736732,348,6.22983203947633,0.998262479111673,0.132429195863728,0.353115233393905,2,5,0,11,295.299499181643
"7",7,7,7,7,7,7,7,7,7,7,7,7,7,7,7,7,7,7,7,7,7,7,7,7,7,7,7,7,7,7,7,267,4,44,"1",178,107.4,"1",0,0,0,1,1,12,48.1818054636251,2.05553008209273,485,2.311127781986,0.889936152713777,0.113880827575411,0.328711488482683,2,5,1,14,323.966096851971
"8",8,8,8,8,8,8,8,8,8,8,8,8,8,8,8,8,8,8,8,8,8,8,8,8,8,8,8,8,8,8,8,268,4,29,"1",184,81.7,"1",1,0,0,0,1,2,62.2532320289911,1.47774349313652,384,9.16287371494856,0.83867140032713,0.158525817795683,0.381641577497271,2,3,0,9,350.482132454176
"9",9,9,9,9,9,9,9,9,9,9,9,9,9,9,9,9,9,9,9,9,9,9,9,9,9,9,9,9,9,9,9,269,4,34,"0",177,95.6,"0",0,0,0,0,1,5,49.2817859968309,1.29629228502269,534,7.277969786634,1.27689590997415,0.140053068356119,0.395836304595408,2,2,0,8,366.285609793347
"10",10,10,10,10,10,10,10,10,10,10,10,10,10,10,10,10,10,10,10,10,10,10,10,10,10,10,10,10,10,10,10,270,4,59,"0",185,101.6,"0",0,0,0,1,1,4,63.3128902560995,1.72148971597718,289,2.33333803302981,0.924994505734332,0.156710497051222,0.328829691155735,2,3,1,9,298.66250936318
"11",11,11,11,11,11,11,11,11,11,11,11,11,11,11,11,11,11,11,11,11,11,11,11,11,11,11,11,11,11,11,11,271,4,34,"0",168,72.3,"0",0,0,0,0,1,3,63.4847409492746,1.60487830611583,487,8.10804732447885,0.540618964966636,0.133808931403271,0.282175565432177,2,4,1,13,285.267595290591
"12",12,12,12,12,12,12,12,12,12,12,12,12,12,12,12,12,12,12,12,12,12,12,12,12,12,12,12,12,12,12,12,272,4,29,"0",173,96.6,"0",0,0,1,0,2,3,64.5162583882743,2.30319402937919,246,5.65254910478312,0.607980536545618,0.150431387127602,0.28943346730997,2,5,0,12,314.663569534969
"13",13,13,13,13,13,13,13,13,13,13,13,13,13,13,13,13,13,13,13,13,13,13,13,13,13,13,13,13,13,13,13,273,4,44,"0",170,78.4,"1",0,0,0,1,2,11,62.2897381140332,1.3139616695187,483,5.46276299158301,1.09165660898495,0.151116800002092,0.311135385927309,2,3,0,13,323.588164285342
"14",14,14,14,14,14,14,14,14,14,14,14,14,14,14,14,14,14,14,14,14,14,14,14,14,14,14,14,14,14,14,14,274,4,57,"0",166,54.4,"0",0,0,0,1,1,3,63.1367513299635,1.87050664828638,320,4.86561215827616,0.718241229297693,0.119171214606209,0.348531241102069,2,5,0,12,377.418354088136
"15",15,15,15,15,15,15,15,15,15,15,15,15,15,15,15,15,15,15,15,15,15,15,15,15,15,15,15,15,15,15,15,275,4,52,"1",178,110.1,"1",0,0,1,1,1,11,64.57323155203,1.22137890094116,438,5.81824834726794,0.763986981365033,0.134280609887523,0.226010442613377,2,3,1,6,313.361876500509
"16",16,16,16,16,16,16,16,16,16,16,16,16,16,16,16,16,16,16,16,16,16,16,16,16,16,16,16,16,16,16,16,276,4,35,"0",173,85.3,"1",0,0,1,0,2,12,69.1368781076172,3.40863940150423,362,5.90539037467695,0.340296935402853,0.106545656441461,0.326338982103185,2,3,0,10,305.034586553668
"17",17,17,17,17,17,17,17,17,17,17,17,17,17,17,17,17,17,17,17,17,17,17,17,17,17,17,17,17,17,17,17,277,4,57,"0",167,79.8,"1",0,0,0,0,2,12,74.7671969677207,1.46401013695998,248,5.4737536678146,0.480124043294364,0.102503845504627,0.349445383609152,2,5,0,6,286.365921606375
"18",18,18,18,18,18,18,18,18,18,18,18,18,18,18,18,18,18,18,18,18,18,18,18,18,18,18,18,18,18,18,18,278,4,38,"0",175,108.2,"1",0,0,0,1,1,11,76.4195604169391,1.46742104351053,472,5.63678135893736,0.889988166063525,0.153237380862829,0.394636712676583,2,2,0,9,325.085692573782
"19",19,19,19,19,19,19,19,19,19,19,19,19,19,19,19,19,19,19,19,19,19,19,19,19,19,19,19,19,19,19,19,279,4,49,"0",172,62,"1",0,0,0,0,2,4,71.233947957471,0.750025008822494,244,4.26117896711831,0.790501522283257,0.128487882663848,0.304758556277003,2,2,1,10,292.045987162683
"20",20,20,20,20,20,20,20,20,20,20,20,20,20,20,20,20,20,20,20,20,20,20,20,20,20,20,20,20,20,20,20,280,4,53,"1",175,111.9,"0",0,0,0,0,1,2,53.9860341329243,1.58947584437921,496,7.11747401620659,1.016561277059,0.116344555070007,0.338498313925763,2,5,0,11,331.888727569834
"21",21,21,21,21,21,21,21,21,21,21,21,21,21,21,21,21,21,21,21,21,21,21,21,21,21,21,21,21,21,21,21,281,4,59,"0",171,93,"0",0,0,0,0,1,1,59.842431410565,1.40907487817823,187,5.28416858883826,0.389773519310196,0.147134538936212,0.308235104380525,2,5,0,9,348.428000429185
"22",22,22,22,22,22,22,22,22,22,22,22,22,22,22,22,22,22,22,22,22,22,22,22,22,22,22,22,22,22,22,22,282,4,44,"1",189,75.4,"1",0,0,1,1,1,7,75.0937064318376,1.67845123175266,501,2.4805822644964,1.18263066804961,0.114136650369137,0.336304439986615,2,3,0,10,333.285219117954
"23",23,23,23,23,23,23,23,23,23,23,23,23,23,23,23,23,23,23,23,23,23,23,23,23,23,23,23,23,23,23,23,283,4,19,"0",169,79.1,"0",0,0,0,0,1,9,71.4042615386973,1.4978480793781,329,4.42990061355382,1.35296790224624,0.129970252068821,0.296456693303927,2,3,1,6,360.356440457746
"24",24,24,24,24,24,24,24,24,24,24,24,24,24,24,24,24,24,24,24,24,24,24,24,24,24,24,24,24,24,24,24,284,4,47,"0",180,68.4,"1",1,0,0,0,2,1,53.863646323587,1.59684422730535,1650,4.35542431194564,0.871464890633194,0.147821454265269,0.183415196554707,2,4,1,7,317.563674531076
"25",25,25,25,25,25,25,25,25,25,25,25,25,25,25,25,25,25,25,25,25,25,25,25,25,25,25,25,25,25,25,25,285,4,51,"1",178,106.2,"0",0,0,0,0,2,121,58.7183004574324,1.72222980925699,711,3.01001453245551,0.865212879962128,0.0883044326917624,0.422275630035109,2,3,0,9,283.643114861482
"26",26,26,26,26,26,26,26,26,26,26,26,26,26,26,26,26,26,26,26,26,26,26,26,26,26,26,26,26,26,26,26,286,4,56,"0",173,76.1,"0",0,0,0,1,1,4,65.1885308337305,1.92484985206385,319,9.25752739377576,1.01119673442739,0.105448469665318,0.264485447780996,2,5,1,7,295.843615719102
"27",27,27,27,27,27,27,27,27,27,27,27,27,27,27,27,27,27,27,27,27,27,27,27,27,27,27,27,27,27,27,27,287,4,30,"0",168,69.9,"1",0,0,0,0,2,3,55.7224225160199,1.93652540125387,1538,5.51534377598988,0.542366289506929,0.153475344986348,0.378032274954869,2,3,0,12,344.618147702549
"28",28,28,28,28,28,28,28,28,28,28,28,28,28,28,28,28,28,28,28,28,28,28,28,28,28,28,28,28,28,28,28,288,4,39,"0",171,131.6,"1",0,0,1,0,1,6,69.4354287727944,1.15369444977898,190,8.11139300315029,0.716137760034137,0.134285726759054,0.287833356813431,2,5,0,15,279.012361644751
"29",29,29,29,29,29,29,29,29,29,29,29,29,29,29,29,29,29,29,29,29,29,29,29,29,29,29,29,29,29,29,29,289,4,37,"0",152,52.5,"0",0,0,0,0,1,1,60.8004299061809,1.32921220014536,503,6.4822440191089,0.956295865680146,0.124372453760041,0.28545308457371,2,4,1,10,334.520851103096
"30",30,30,30,30,30,30,30,30,30,30,30,30,30,30,30,30,30,30,30,30,30,30,30,30,30,30,30,30,30,30,30,290,4,52,"0",173,68.4,"0",1,0,1,0,3,7,75.9850964159747,1.5545833884027,618,5.19906700566488,0.802168938660651,0.152568169026603,0.247089028772908,2,4,1,14,308.122309610044
"31",31,31,31,31,31,31,31,31,31,31,31,31,31,31,31,31,31,31,31,31,31,31,31,31,31,31,31,31,31,31,31,291,4,43,"0",171,119.1,"1",0,0,0,0,1,4,61.9696987389394,2.02051139667137,1375,5.78098494608116,0.723997158171022,0.134291949798022,0.421771066038773,2,5,0,11,325.429884559901
"32",32,32,32,32,32,32,32,32,32,32,32,32,32,32,32,32,32,32,32,32,32,32,32,32,32,32,32,32,32,32,32,292,4,51,"0",170,63.7,"1",0,0,1,1,2,12,68.4416679850193,1.81070561904144,477,5.22367934637709,0.685035566381229,0.168453723318523,0.215884567318352,2,2,0,13,325.573273420553
"33",33,33,33,33,33,33,33,33,33,33,33,33,33,33,33,33,33,33,33,33,33,33,33,33,33,33,33,33,33,33,33,293,4,58,"1",183,82.9,"1",0,0,0,0,2,6,57.118894755466,1.40847193497252,176,7.24233308695887,1.02867059229764,0.146886753420967,0.324904622070398,2,5,1,10,337.379806475282
"34",34,34,34,34,34,34,34,34,34,34,34,34,34,34,34,34,34,34,34,34,34,34,34,34,34,34,34,34,34,34,34,294,4,49,"0",168,63.3,"0",1,1,0,0,2,6,68.3381233114861,1.52823896168398,334,4.38131518215953,1.09618792176885,0.152499044327518,0.314148964967326,2,4,1,10,264.992108391787
"35",35,35,35,35,35,35,35,35,35,35,35,35,35,35,35,35,35,35,35,35,35,35,35,35,35,35,35,35,35,35,35,295,4,20,"0",167,88.2,"1",0,0,0,1,1,8,77.0247721050065,1.91206875572356,944,5.56056785702137,1.23086958343622,0.117567759974968,0.251999819293255,2,4,1,13,336.242044715643
"36",36,36,36,36,36,36,36,36,36,36,36,36,36,36,36,36,36,36,36,36,36,36,36,36,36,36,36,36,36,36,36,296,4,37,"0",167,75.2,"0",1,0,0,0,1,10,67.8834673256301,1.9402740013631,681,5.98898329138542,0.731996269946401,0.15390244761177,0.257734427096931,2,2,1,9,338.89344176348
"37",37,37,37,37,37,37,37,37,37,37,37,37,37,37,37,37,37,37,37,37,37,37,37,37,37,37,37,37,37,37,37,297,4,47,"0",172,57.6,"1",0,0,1,0,1,5,71.6777143696191,1.30211071895289,189,6.33018446253599,0.823425989570664,0.143581759670852,0.381302317775652,2,4,1,15,314.660383695453
"38",38,38,38,38,38,38,38,38,38,38,38,38,38,38,38,38,38,38,38,38,38,38,38,38,38,38,38,38,38,38,38,298,4,35,"1",185,72.9,"1",0,0,0,0,1,2,64.5665212725868,0.990122418943237,419,3.4339328671195,0.332274376587801,0.125199312860039,0.299213868466579,2,3,0,14,321.00531883397
"39",39,39,39,39,39,39,39,39,39,39,39,39,39,39,39,39,39,39,39,39,39,39,39,39,39,39,39,39,39,39,39,299,4,43,"1",177,87.7,"0",0,0,1,0,1,14,64.297865497656,1.96475247717228,501,4.19546488927034,1.16490038791517,0.134747603635924,0.248048780473251,2,4,1,15,298.0105621461
"40",40,40,40,40,40,40,40,40,40,40,40,40,40,40,40,40,40,40,40,40,40,40,40,40,40,40,40,40,40,40,40,300,4,47,"0",168,71.4,"0",0,0,0,0,1,6,59.2506114757195,1.97830173297,196,6.60670138246964,0.696342585842004,0.10311415604321,0.30348540807101,2,4,1,10,298.75079346521
"41",41,41,41,41,41,41,41,41,41,41,41,41,41,41,41,41,41,41,41,41,41,41,41,41,41,41,41,41,41,41,41,301,4,33,"0",168,75.5,"1",0,0,1,0,1,4,64.9391579410082,1.49912406169298,227,4.51898996359576,0.73951522349842,0.130675377330816,0.231309440157451,2,2,1,15,361.200296881664
"42",42,42,42,42,42,42,42,42,42,42,42,42,42,42,42,42,42,42,42,42,42,42,42,42,42,42,42,42,42,42,42,302,4,19,"0",152,55.6,"1",0,0,1,0,1,7,65.5956370024327,1.38820333474586,1353,8.72983639030395,1.24758365708668,0.109591698424961,0.365853765197182,2,5,1,11,328.440474444153
"43",43,43,43,43,43,43,43,43,43,43,43,43,43,43,43,43,43,43,43,43,43,43,43,43,43,43,43,43,43,43,43,303,4,46,"0",175,109,"0",0,0,0,0,1,3,61.6277433667537,1.28295064506441,1474,5.56549864598429,0.878915617011122,0.109083484293141,0.365915622180169,2,5,0,12,266.335138559975
"44",44,44,44,44,44,44,44,44,44,44,44,44,44,44,44,44,44,44,44,44,44,44,44,44,44,44,44,44,44,44,44,304,4,50,"0",178,106.3,"0",0,0,0,0,1,6,68.6295949156397,1.31160629922514,341,3.99846420265307,0.975197293713904,0.106865607103898,0.247548276408086,2,5,0,11,319.383791821076
"45",45,45,45,45,45,45,45,45,45,45,45,45,45,45,45,45,45,45,45,45,45,45,45,45,45,45,45,45,45,45,45,305,4,42,"0",174,81.3,"0",0,1,1,0,1,2,70.4058982750243,1.73397461244972,312,5.24002162367659,0.9223403369818,0.126442261036866,0.397260723169846,2,1,0,15,256.149475190192
"46",46,46,46,46,46,46,46,46,46,46,46,46,46,46,46,46,46,46,46,46,46,46,46,46,46,46,46,46,46,46,46,306,4,60,"0",168,79.2,"0",0,0,0,0,2,3,71.3282778409013,2.46614391383561,828,6.12384986632256,0.484447945136932,0.156160496530035,0.309805731413432,2,4,1,11,360.075395881646
"47",47,47,47,47,47,47,47,47,47,47,47,47,47,47,47,47,47,47,47,47,47,47,47,47,47,47,47,47,47,47,47,307,4,57,"1",188,90.1,"1",0,0,0,0,1,78,71.9650174220974,2.55793696053348,301,6.83670417984038,1.06851863946545,0.200526481664575,0.32099867591407,2,4,0,13,360.498207897667
"48",48,48,48,48,48,48,48,48,48,48,48,48,48,48,48,48,48,48,48,48,48,48,48,48,48,48,48,48,48,48,48,308,4,51,"0",170,71.5,"0",0,0,0,1,1,9,60.8816560362254,1.63009894291393,285,6.51109611370544,0.982302432650511,0.156128163687431,0.293094891377791,2,2,1,9,360.078155533239
"49",49,49,49,49,49,49,49,49,49,49,49,49,49,49,49,49,49,49,49,49,49,49,49,49,49,49,49,49,49,49,49,309,4,39,"0",175,87.2,"0",0,0,1,0,1,4,61.6293610000215,0.930930041368666,395,6.72878030967018,0.805380157273082,0.166019807380591,0.259720823964712,2,5,0,9,346.768955044479
"50",50,50,50,50,50,50,50,50,50,50,50,50,50,50,50,50,50,50,50,50,50,50,50,50,50,50,50,50,50,50,50,310,4,27,"0",170,58.4,"1",0,0,0,0,1,74,54.5081367837052,1.48801890058456,1470,5.60552779331609,0.794302081904308,0.172234062499438,0.26873850435537,2,2,0,14,298.656366630014
"51",51,51,51,51,51,51,51,51,51,51,51,51,51,51,51,51,51,51,51,51,51,51,51,51,51,51,51,51,51,51,51,311,4,19,"0",163,67.8,"1",0,0,0,0,1,9,51.4979452774747,1.93284014141967,379,7.88456773798712,1.04203428242779,0.103884963226302,0.333847275743379,2,3,1,9,337.52567721473
"52",52,52,52,52,52,52,52,52,52,52,52,52,52,52,52,52,52,52,52,52,52,52,52,52,52,52,52,52,52,52,52,312,4,41,"0",177,64.3,"1",1,0,0,0,2,1,52.2784268506702,1.40825438805627,598,7.15764424461678,0.828240293024459,0.142141303366346,0.359381609369584,2,4,0,13,320.744558909141
"53",53,53,53,53,53,53,53,53,53,53,53,53,53,53,53,53,53,53,53,53,53,53,53,53,53,53,53,53,53,53,53,313,4,34,"1",173,105,"0",0,0,0,0,1,7,79.5256889016389,1.81264285012697,274,3.98838411943677,0.932386560343272,0.112541539033322,0.253514787254532,2,2,0,5,301.26431126709
"54",54,54,54,54,54,54,54,54,54,54,54,54,54,54,54,54,54,54,54,54,54,54,54,54,54,54,54,54,54,54,54,314,4,52,"1",176,109.3,"1",0,0,0,0,1,4,73.8761306117929,0.823347513237028,171,6.20644965379812,0.834871654827617,0.142160079768205,0.350900156423795,2,4,0,8,296.093790486883
"55",55,55,55,55,55,55,55,55,55,55,55,55,55,55,55,55,55,55,55,55,55,55,55,55,55,55,55,55,55,55,55,315,4,46,"0",152,82.4,"1",0,0,0,0,1,19,65.766951382081,1.96274750168214,278,4.33981770323872,0.831391298647844,0.134030723019665,0.238431636236487,2,3,0,11,306.690613825833
"56",56,56,56,56,56,56,56,56,56,56,56,56,56,56,56,56,56,56,56,56,56,56,56,56,56,56,56,56,56,56,56,316,4,54,"0",166,64.5,"0",0,0,0,0,1,6,55.9013293371379,1.13266286004398,1329,3.87552387799858,0.504524987376541,0.105481865416451,0.264047915108749,2,4,1,9,330.547218107255
"57",57,57,57,57,57,57,57,57,57,57,57,57,57,57,57,57,57,57,57,57,57,57,57,57,57,57,57,57,57,57,57,317,4,28,"0",166,54.8,"1",1,0,0,0,1,9,66.7700644798508,2.41946340539897,459,6.67911803107845,1.11476752326949,0.135331533503773,0.402292167977661,2,4,1,17,305.368401713971
"58",58,58,58,58,58,58,58,58,58,58,58,58,58,58,58,58,58,58,58,58,58,58,58,58,58,58,58,58,58,58,58,318,4,44,"0",172,104.7,"0",0,0,0,0,1,2,63.6079182942467,1.65257038639712,567,7.28441367934993,0.711593850210835,0.127446996150992,0.310904417778976,2,2,0,8,317.418631935097
"59",59,59,59,59,59,59,59,59,59,59,59,59,59,59,59,59,59,59,59,59,59,59,59,59,59,59,59,59,59,59,59,319,4,48,"0",166,84.3,"1",0,0,0,0,1,8,53.9440417494994,1.5932828362888,615,8.8162483901468,0.715780973180675,0.108915908543168,0.287236859173596,2,4,0,7,314.705004483685
"60",60,60,60,60,60,60,60,60,60,60,60,60,60,60,60,60,60,60,60,60,60,60,60,60,60,60,60,60,60,60,60,320,4,19,"0",172,75.4,"0",0,1,0,0,1,6,60.4730761087596,1.47917148323901,177,5.21030711760021,0.588037867157495,0.138572056207812,0.344943548484774,2,4,1,8,336.668108634926
