"","X.37","X.36","X.35","X.34","X.33","X.32","X.31","X.30","X.29","X.28","X.27","X.26","X.25","X.24","X.23","X.22","X.21","X.20","X.19","X.18","X.17","X.16","X.15","X.14","X.13","X.12","X.11","X.10","X.9","X.8","X.7","X.6","X.5","X.4","X.3","X.2","X.1","X","id","site","age","gender","height","weight","numbness","other_cran_nerve_symp","paresis","optic_neu","other_symp","relapses","cell_count","glucose","lactose","protein","albumin_qu","igg","igm","iga","follow_up","binomial_5","binomial_1","poisson","chisq"
"1",1,1,1,1,1,1,1,1,1,1,1,1,1,1,1,1,1,1,1,1,1,1,1,1,1,1,1,1,1,1,1,1,1,1,1,1,1,1,201,3,56,"0",168,58.9,"1",0,0,0,0,1,2,43.3597386368261,1.69501715534571,594,4.72630261784616,0.893588899226032,0.140471329227403,0.321992838885727,2,5,1,12,325.021431870755
"2",2,2,2,2,2,2,2,2,2,2,2,2,2,2,2,2,2,2,2,2,2,2,2,2,2,2,2,2,2,2,2,2,2,2,2,2,2,2,202,3,57,"1",195,125.7,"1",0,0,1,0,1,12,72.3190587848055,1.48622598953926,582,5.12482493051485,0.790817528805605,0.132838115548095,0.361886546469787,2,4,0,9,262.843870132769
"3",3,3,3,3,3,3,3,3,3,3,3,3,3,3,3,3,3,3,3,3,3,3,3,3,3,3,3,3,3,3,3,3,3,3,3,3,3,3,203,3,55,"0",166,64.2,"0",0,0,1,0,1,2,48.051922365789,1.84995558070014,179,6.24431431300212,0.558807301850108,0.14507650390594,0.294373943754463,2,3,1,12,324.552393057779
"4",4,4,4,4,4,4,4,4,4,4,4,4,4,4,4,4,4,4,4,4,4,4,4,4,4,4,4,4,4,4,4,4,4,4,4,4,4,4,204,3,31,"0",172,81.3,"1",1,0,1,0,1,3,64.0485900196523,2.24461952751365,203,6.24945323196755,0.752418932778992,0.155927135062347,0.346779375697462,2,4,1,5,337.312868570648
"5",5,5,5,5,5,5,5,5,5,5,5,5,5,5,5,5,5,5,5,5,5,5,5,5,5,5,5,5,5,5,5,5,5,5,5,5,5,5,205,3,33,"0",175,69.3,"0",0,0,0,0,1,61,63.5372524379949,0.951816233026396,459,2.56282045182825,0.695290451490053,0.122891543351005,0.280805986361104,2,3,0,5,326.449595858239
"6",6,6,6,6,6,6,6,6,6,6,6,6,6,6,6,6,6,6,6,6,6,6,6,6,6,6,6,6,6,6,6,6,6,6,6,6,6,6,206,3,28,"1",182,113.7,"1",1,1,0,1,2,3,68.9987534389992,1.81547803749545,217,5.80591684471929,1.13724723001138,0.125439056246274,0.273959945121798,2,3,0,10,334.425503263477
"7",7,7,7,7,7,7,7,7,7,7,7,7,7,7,7,7,7,7,7,7,7,7,7,7,7,7,7,7,7,7,7,7,7,7,7,7,7,7,207,3,37,"1",184,91.9,"0",0,0,0,0,1,4,57.3408462853879,2.02475937897809,235,4.90558572320062,0.976031302804665,0.111379523835664,0.324121634412889,2,4,1,12,337.602142197256
"8",8,8,8,8,8,8,8,8,8,8,8,8,8,8,8,8,8,8,8,8,8,8,8,8,8,8,8,8,8,8,8,8,8,8,8,8,8,8,208,3,41,"0",170,63.5,"1",0,0,0,0,1,5,55.8808711823725,2.17562793589699,856,6.18865683869723,0.537333247113121,0.190904829566435,0.322673370054409,2,4,1,18,314.487102109739
"9",9,9,9,9,9,9,9,9,9,9,9,9,9,9,9,9,9,9,9,9,9,9,9,9,9,9,9,9,9,9,9,9,9,9,9,9,9,9,209,3,41,"0",165,84.4,"1",0,0,0,1,1,2,68.920995754383,0.896560883836944,548,5.47040324332569,0.980524015859153,0.0977545273697843,0.295134083558664,2,2,1,6,319.90363831793
"10",10,10,10,10,10,10,10,10,10,10,10,10,10,10,10,10,10,10,10,10,10,10,10,10,10,10,10,10,10,10,10,10,10,10,10,10,10,10,210,3,36,"0",164,79.4,"0",0,0,1,1,1,8,69.9369532653109,1.85387529500538,570,8.10517947335965,1.0216553656649,0.129564933162129,0.313100965919544,2,4,1,8,310.368483505002
"11",11,11,11,11,11,11,11,11,11,11,11,11,11,11,11,11,11,11,11,11,11,11,11,11,11,11,11,11,11,11,11,11,11,11,11,11,11,11,211,3,47,"0",169,66,"0",0,0,0,1,1,10,72.8790746218844,2.02646867146744,622,6.37102811426534,1.02488326020965,0.139229592799192,0.236659824498519,2,2,1,13,353.710400770376
"12",12,12,12,12,12,12,12,12,12,12,12,12,12,12,12,12,12,12,12,12,12,12,12,12,12,12,12,12,12,12,12,12,12,12,12,12,12,12,212,3,34,"0",167,54.2,"0",0,0,0,0,1,12,63.590790766329,1.69065847710085,311,6.84396868729527,0.849983721875887,0.1200226261919,0.321529143632972,2,2,1,10,281.041080552537
"13",13,13,13,13,13,13,13,13,13,13,13,13,13,13,13,13,13,13,13,13,13,13,13,13,13,13,13,13,13,13,13,13,13,13,13,13,13,13,213,3,44,"0",175,84.1,"1",0,0,0,0,1,52,64.5324981368094,1.54202645138727,375,7.28329574810531,0.899789684339682,0.138204018256255,0.289698946344228,2,5,0,10,313.333126505187
"14",14,14,14,14,14,14,14,14,14,14,14,14,14,14,14,14,14,14,14,14,14,14,14,14,14,14,14,14,14,14,14,14,14,14,14,14,14,14,214,3,32,"0",168,54.8,"0",0,1,1,1,1,4,63.4964026343854,1.12142925385674,529,4.62558405776824,0.886938348428322,0.1472228226301,0.368158633448866,2,3,0,16,306.175667650288
"15",15,15,15,15,15,15,15,15,15,15,15,15,15,15,15,15,15,15,15,15,15,15,15,15,15,15,15,15,15,15,15,15,15,15,15,15,15,15,215,3,56,"0",184,89.7,"0",0,1,1,0,2,6,56.467054832631,0.998505063525964,1658,9.69637781360037,0.947459910222507,0.133851251425671,0.249940848494046,2,2,1,8,307.091281340678
"16",16,16,16,16,16,16,16,16,16,16,16,16,16,16,16,16,16,16,16,16,16,16,16,16,16,16,16,16,16,16,16,16,16,16,16,16,16,16,216,3,33,"0",167,89.4,"0",0,0,0,0,3,4,66.1312604500541,1.76832068446392,1571,6.58233611414296,0.700029149328956,0.146506277343901,0.297398296866803,2,3,1,14,303.687249295311
"17",17,17,17,17,17,17,17,17,17,17,17,17,17,17,17,17,17,17,17,17,17,17,17,17,17,17,17,17,17,17,17,17,17,17,17,17,17,17,217,3,36,"1",168,78.5,"1",0,0,0,0,1,10,61.8565027244515,1.30024988236458,1384,3.90557599642465,0.841942990155416,0.133701001122741,0.210273014422735,2,4,0,15,320.789539095987
"18",18,18,18,18,18,18,18,18,18,18,18,18,18,18,18,18,18,18,18,18,18,18,18,18,18,18,18,18,18,18,18,18,18,18,18,18,18,18,218,3,54,"0",180,95.4,"1",1,0,1,0,2,12,68.8704437891226,1.17190369967872,615,7.07342103151049,0.780301376643851,0.120538104301373,0.392431293929401,2,3,1,13,317.8205955381
"19",19,19,19,19,19,19,19,19,19,19,19,19,19,19,19,19,19,19,19,19,19,19,19,19,19,19,19,19,19,19,19,19,19,19,19,19,19,19,219,3,16,"0",155,61.3,"1",0,0,0,0,1,7,57.4606237649082,0.971421739818309,416,3.94243786198919,1.1436782726625,0.137955556204054,0.226718265807538,2,5,1,8,309.327048397053
"20",20,20,20,20,20,20,20,20,20,20,20,20,20,20,20,20,20,20,20,20,20,20,20,20,20,20,20,20,20,20,20,20,20,20,20,20,20,20,220,3,59,"0",177,55.1,"1",0,0,0,0,2,8,61.0669133976943,1.49079172796471,1605,5.77777817133513,0.62163450838027,0.146141836843845,0.380593175556033,2,4,1,12,341.85827779121
"21",21,21,21,21,21,21,21,21,21,21,21,21,21,21,21,21,21,21,21,21,21,21,21,21,21,21,21,21,21,21,21,21,21,21,21,21,21,21,221,3,43,"1",182,96.8,"0",1,0,0,0,1,9,73.6257326496998,1.92013504600435,424,4.83879732171063,0.509513078723335,0.130153239945692,0.356887318156971,2,5,0,7,313.311719011487
"22",22,22,22,22,22,22,22,22,22,22,22,22,22,22,22,22,22,22,22,22,22,22,22,22,22,22,22,22,22,22,22,22,22,22,22,22,22,22,222,3,51,"0",170,71.8,"1",0,0,0,0,1,12,65.9104694334933,1.37115503793058,514,5.75830157356529,1.19754317024804,0.135357213771262,0.256921473846097,2,2,1,12,307.628780051907
"23",23,23,23,23,23,23,23,23,23,23,23,23,23,23,23,23,23,23,23,23,23,23,23,23,23,23,23,23,23,23,23,23,23,23,23,23,23,23,223,3,32,"1",189,74.8,"0",0,0,0,0,1,11,65.4567280880687,0.353566716604511,247,5.68466388485423,1.16020986344223,0.140230186519455,0.405110046193159,2,4,1,10,303.441366562932
"24",24,24,24,24,24,24,24,24,24,24,24,24,24,24,24,24,24,24,24,24,24,24,24,24,24,24,24,24,24,24,24,24,24,24,24,24,24,24,224,3,25,"0",161,81.4,"1",0,0,0,0,1,3,60.3383531102732,1.78411968573881,272,7.02597453802079,1.15184267624073,0.144341236366236,0.451556443846106,2,3,1,9,309.391475538106
"25",25,25,25,25,25,25,25,25,25,25,25,25,25,25,25,25,25,25,25,25,25,25,25,25,25,25,25,25,25,25,25,25,25,25,25,25,25,25,225,3,55,"0",162,127.8,"0",0,0,0,1,1,11,75.8500508078292,3.0356373689594,409,6.47831199743186,0.797020591723471,0.11505575643508,0.304773624369826,2,4,0,12,298.458497621567
"26",26,26,26,26,26,26,26,26,26,26,26,26,26,26,26,26,26,26,26,26,26,26,26,26,26,26,26,26,26,26,26,26,26,26,26,26,26,26,226,3,52,"0",170,68,"0",1,0,0,0,1,2,59.9044310925487,2.01879626072172,631,3.26007180919699,0.943848743291854,0.156239305317068,0.26287616703797,2,1,1,11,301.782375794003
"27",27,27,27,27,27,27,27,27,27,27,27,27,27,27,27,27,27,27,27,27,27,27,27,27,27,27,27,27,27,27,27,27,27,27,27,27,27,27,227,3,55,"0",164,60.7,"1",0,0,0,0,1,8,69.3925640492212,2.12536102179858,507,4.8557314585749,0.542530419293345,0.151678803955592,0.378991877228263,2,3,1,7,313.432683901505
"28",28,28,28,28,28,28,28,28,28,28,28,28,28,28,28,28,28,28,28,28,28,28,28,28,28,28,28,28,28,28,28,28,28,28,28,28,28,28,228,3,53,"1",172,94.5,"1",0,0,0,0,1,2,69.9680930258143,1.86715894909641,170,7.61975679050238,0.70535503228741,0.136721806144569,0.226362509191067,2,3,0,10,332.734197230596
"29",29,29,29,29,29,29,29,29,29,29,29,29,29,29,29,29,29,29,29,29,29,29,29,29,29,29,29,29,29,29,29,29,29,29,29,29,29,29,229,3,41,"0",166,87.1,"1",0,1,0,0,1,12,59.8946470572395,2.01158307414448,414,8.06279686735601,0.600171945642063,0.157415612349264,0.313690528883578,2,5,1,8,305.501567934334
"30",30,30,30,30,30,30,30,30,30,30,30,30,30,30,30,30,30,30,30,30,30,30,30,30,30,30,30,30,30,30,30,30,30,30,30,30,30,30,230,3,42,"0",161,58.5,"1",0,0,0,0,1,4,64.6758449523254,2.15184871500402,514,4.82366178243736,0.690869649653495,0.147807654349404,0.309056065123203,2,5,1,8,287.257496886488
"31",31,31,31,31,31,31,31,31,31,31,31,31,31,31,31,31,31,31,31,31,31,31,31,31,31,31,31,31,31,31,31,31,31,31,31,31,31,31,231,3,55,"0",169,57.6,"0",0,0,0,0,1,97,65.7983783630339,0.504322466657072,261,6.55041991211318,1.34084489060276,0.153189296555631,0.27706769209702,2,4,0,3,280.850762776272
"32",32,32,32,32,32,32,32,32,32,32,32,32,32,32,32,32,32,32,32,32,32,32,32,32,32,32,32,32,32,32,32,32,32,32,32,32,32,32,232,3,33,"1",172,121,"0",0,0,1,1,1,2,74.6452632599643,1.01147179150102,176,3.78225965659141,0.558363463020989,0.116366811424831,0.255639377318342,2,5,0,15,316.953650920235
"33",33,33,33,33,33,33,33,33,33,33,33,33,33,33,33,33,33,33,33,33,33,33,33,33,33,33,33,33,33,33,33,33,33,33,33,33,33,33,233,3,40,"0",153,61.4,"1",0,0,0,0,2,6,76.3504966911022,1.82610032717006,1260,7.27159259657117,0.773609493034874,0.139845819680115,0.308213521426529,2,3,1,19,314.95732637573
"34",34,34,34,34,34,34,34,34,34,34,34,34,34,34,34,34,34,34,34,34,34,34,34,34,34,34,34,34,34,34,34,34,34,34,34,34,34,34,234,3,48,"0",178,90.3,"0",0,0,0,0,1,10,61.9354699865312,1.36250066748834,631,7.26888215316074,0.756555610981184,0.144917348887088,0.327056899282759,2,2,0,11,312.020555168871
"35",35,35,35,35,35,35,35,35,35,35,35,35,35,35,35,35,35,35,35,35,35,35,35,35,35,35,35,35,35,35,35,35,35,35,35,35,35,35,235,3,49,"0",172,65.8,"1",0,0,0,1,1,1,64.0823317980803,1.55875482968925,1137,5.09564167190976,1.08076152287007,0.152033283247083,0.259947737456726,2,2,1,11,354.089052681312
"36",36,36,36,36,36,36,36,36,36,36,36,36,36,36,36,36,36,36,36,36,36,36,36,36,36,36,36,36,36,36,36,36,36,36,36,36,36,36,236,3,56,"0",173,67.1,"0",0,0,0,0,1,8,68.0248298421855,2.57745252494592,602,8.9782343296912,0.78736927615414,0.132370687681974,0.26251148389308,2,4,1,13,298.758332416145
"37",37,37,37,37,37,37,37,37,37,37,37,37,37,37,37,37,37,37,37,37,37,37,37,37,37,37,37,37,37,37,37,37,37,37,37,37,37,37,237,3,41,"0",178,67.2,"0",1,0,0,0,2,4,72.6297394777611,1.38083465038758,503,6.56472892001357,0.701367551242234,0.12974227873171,0.353294143681218,2,3,1,10,300.70039338885
"38",38,38,38,38,38,38,38,38,38,38,38,38,38,38,38,38,38,38,38,38,38,38,38,38,38,38,38,38,38,38,38,38,38,38,38,38,38,38,238,3,37,"0",180,94.5,"0",0,0,0,0,1,6,75.8090822125618,1.06308149411706,1144,4.43637640568127,0.0869521034659805,0.133453704213405,0.387332652539549,2,4,0,8,333.810314062364
"39",39,39,39,39,39,39,39,39,39,39,39,39,39,39,39,39,39,39,39,39,39,39,39,39,39,39,39,39,39,39,39,39,39,39,39,39,39,39,239,3,38,"1",184,70.2,"0",0,0,0,0,1,1,62.7842138070332,2.18823625319976,1653,7.08325693507164,1.16007822429406,0.137887184645304,0.38501454221471,2,4,1,13,287.408889315697
"40",40,40,40,40,40,40,40,40,40,40,40,40,40,40,40,40,40,40,40,40,40,40,40,40,40,40,40,40,40,40,40,40,40,40,40,40,40,40,240,3,39,"1",183,91.8,"0",0,0,0,0,1,1,64.6306250527881,1.39720270691228,371,3.27225276983351,0.920309239774327,0.110353261002148,0.315801272282915,2,3,0,12,322.759004181873
"41",41,41,41,41,41,41,41,41,41,41,41,41,41,41,41,41,41,41,41,41,41,41,41,41,41,41,41,41,41,41,41,41,41,41,41,41,41,41,241,3,52,"0",175,110.6,"0",0,0,0,0,1,97,47.9744829840512,1.35931120239784,356,7.43463318559111,0.870766535507539,0.136634502218094,0.309518540886232,2,5,0,12,297.222600213164
"42",42,42,42,42,42,42,42,42,42,42,42,42,42,42,42,42,42,42,42,42,42,42,42,42,42,42,42,42,42,42,42,42,42,42,42,42,42,42,242,3,55,"1",181,96,"0",1,0,1,0,2,86,69.0698279998386,1.71017589328455,223,6.33110571566681,1.22830866240821,0.15965049490013,0.368600203136761,2,5,0,13,317.713938053359
"43",43,43,43,43,43,43,43,43,43,43,43,43,43,43,43,43,43,43,43,43,43,43,43,43,43,43,43,43,43,43,43,43,43,43,43,43,43,43,243,3,61,"0",152,89.3,"1",0,0,0,0,1,3,62.4706627614056,1.69361538186089,248,7.0937607197067,0.698912238921959,0.129211122638049,0.31081499864317,2,5,1,11,330.26463736014
"44",44,44,44,44,44,44,44,44,44,44,44,44,44,44,44,44,44,44,44,44,44,44,44,44,44,44,44,44,44,44,44,44,44,44,44,44,44,44,244,3,34,"0",173,105.2,"1",0,0,1,0,1,8,68.6716860464702,2.56319725515464,328,5.52594368138831,0.997465619473762,0.133245779192672,0.352598685836662,2,3,0,5,351.688222002165
"45",45,45,45,45,45,45,45,45,45,45,45,45,45,45,45,45,45,45,45,45,45,45,45,45,45,45,45,45,45,45,45,45,45,45,45,45,45,45,245,3,53,"0",162,56.3,"0",0,0,0,0,1,1,68.3392944630145,1.78309871417172,283,8.05578797053726,0.563103770734398,0.133177884926593,0.223461977811697,2,4,1,4,329.60722585662
"46",46,46,46,46,46,46,46,46,46,46,46,46,46,46,46,46,46,46,46,46,46,46,46,46,46,46,46,46,46,46,46,46,46,46,46,46,46,46,246,3,39,"0",173,79.5,"0",1,0,0,0,1,1,71.5984030121073,1.43956582543119,597,6.27490218591057,1.02623410619206,0.11390034257104,0.274175958337838,2,3,1,10,320.352969878637
"47",47,47,47,47,47,47,47,47,47,47,47,47,47,47,47,47,47,47,47,47,47,47,47,47,47,47,47,47,47,47,47,47,47,47,47,47,47,47,247,3,51,"0",179,86.2,"1",0,0,1,0,1,7,65.1275908843988,2.33911422110653,601,8.031729312526,0.613161002422996,0.135031575126415,0.339041145597384,2,4,1,9,379.230586293312
"48",48,48,48,48,48,48,48,48,48,48,48,48,48,48,48,48,48,48,48,48,48,48,48,48,48,48,48,48,48,48,48,48,48,48,48,48,48,48,248,3,50,"0",168,79.2,"1",0,0,0,0,3,1,59.4874346604067,1.96328708945499,239,5.13542661930312,0.682083384404629,0.127124134158724,0.192432751665414,2,3,1,7,277.578794927521
"49",49,49,49,49,49,49,49,49,49,49,49,49,49,49,49,49,49,49,49,49,49,49,49,49,49,49,49,49,49,49,49,49,49,49,49,49,49,49,249,3,60,"1",180,73.8,"1",0,0,1,0,2,3,49.7630238412423,1.63021562375424,414,4.45758997552084,0.675413865022006,0.120161894790301,0.358316054388606,2,3,0,9,289.179472291491
"50",50,50,50,50,50,50,50,50,50,50,50,50,50,50,50,50,50,50,50,50,50,50,50,50,50,50,50,50,50,50,50,50,50,50,50,50,50,50,250,3,20,"0",175,68.4,"1",0,0,0,0,1,3,70.1882806289371,1.53311118141704,350,6.56392649588874,0.546060086337274,0.12598474321169,0.328287717597259,2,3,1,10,277.451632118307
"51",51,51,51,51,51,51,51,51,51,51,51,51,51,51,51,51,51,51,51,51,51,51,51,51,51,51,51,51,51,51,51,51,51,51,51,51,51,51,251,3,20,"0",168,91,"0",0,0,0,0,1,10,60.2105289074771,1.4907378530172,389,4.56322450838657,1.14322073463395,0.0827151304801539,0.354178760543213,2,3,1,6,351.397377744625
"52",52,52,52,52,52,52,52,52,52,52,52,52,52,52,52,52,52,52,52,52,52,52,52,52,52,52,52,52,52,52,52,52,52,52,52,52,52,52,252,3,24,"0",184,85.2,"0",0,0,1,0,1,9,61.8252244445986,2.21788672659539,179,4.36078661551598,0.602732784602431,0.130702929431238,0.286932520860774,2,4,0,11,344.744292418318
"53",53,53,53,53,53,53,53,53,53,53,53,53,53,53,53,53,53,53,53,53,53,53,53,53,53,53,53,53,53,53,53,53,53,53,53,53,53,53,253,3,46,"0",168,108.2,"0",0,0,1,0,1,12,58.1660908046666,2.42384472775384,289,2.56968943887833,0.814620136944098,0.125827657057445,0.255382271245403,2,4,0,11,307.847557679249
"54",54,54,54,54,54,54,54,54,54,54,54,54,54,54,54,54,54,54,54,54,54,54,54,54,54,54,54,54,54,54,54,54,54,54,54,54,54,54,254,3,40,"1",185,157.5,"1",0,0,0,0,1,1,83.5942978760691,1.81652117517461,410,6.73867943872473,1.54675078267064,0.124852941665709,0.297127047166741,2,3,0,10,346.172327570312
"55",55,55,55,55,55,55,55,55,55,55,55,55,55,55,55,55,55,55,55,55,55,55,55,55,55,55,55,55,55,55,55,55,55,55,55,55,55,55,255,3,55,"0",169,110.7,"0",0,0,0,0,2,10,50.8680041567964,1.71887424526815,239,5.57378299562096,0.934269619620555,0.137987528818639,0.309915849567469,2,3,0,10,322.790077225962
"56",56,56,56,56,56,56,56,56,56,56,56,56,56,56,56,56,56,56,56,56,56,56,56,56,56,56,56,56,56,56,56,56,56,56,56,56,56,56,256,3,48,"0",167,85.5,"1",0,0,0,0,1,48,82.0832808898439,1.61627582113356,347,2.28920956311843,0.865435284985607,0.170227230257273,0.215810833572379,2,5,0,12,332.62163006444
"57",57,57,57,57,57,57,57,57,57,57,57,57,57,57,57,57,57,57,57,57,57,57,57,57,57,57,57,57,57,57,57,57,57,57,57,57,57,57,257,3,32,"1",198,116.3,"1",0,1,0,0,1,2,53.5208292650067,1.50383742298449,600,6.38916479029991,0.740416705205063,0.122740881246003,0.218402659164401,2,3,0,7,296.391491414787
"58",58,58,58,58,58,58,58,58,58,58,58,58,58,58,58,58,58,58,58,58,58,58,58,58,58,58,58,58,58,58,58,58,58,58,58,58,58,58,258,3,46,"1",178,83.2,"1",0,0,0,0,2,12,66.387836202894,1.12998756917903,346,5.44713673254577,0.834991555250501,0.104550594389476,0.279286120296944,2,5,0,10,292.333955801136
"59",59,59,59,59,59,59,59,59,59,59,59,59,59,59,59,59,59,59,59,59,59,59,59,59,59,59,59,59,59,59,59,59,59,59,59,59,59,59,259,3,56,"0",183,101.6,"0",0,0,1,0,1,4,69.0186225730496,1.62243535286289,538,5.40108102513945,0.872323802253113,0.129193964400926,0.464719062273051,2,4,0,5,301.99634604893
"60",60,60,60,60,60,60,60,60,60,60,60,60,60,60,60,60,60,60,60,60,60,60,60,60,60,60,60,60,60,60,60,60,60,60,60,60,60,60,260,3,25,"0",167,86.8,"0",0,0,0,0,1,5,65.6575937205202,1.94497697494472,573,6.37818032225934,0.734468499720944,0.16422773776153,0.349592289626047,2,4,1,13,357.837968695642
